<?xml version="1.0" encoding="UTF-8"?>
<project-private xmlns="http://www.netbeans.org/ns/project-private/1">
    <editor-bookmarks xmlns="http://www.netbeans.org/ns/editor-bookmarks/2" lastBookmarkId="0"/>
    <open-files xmlns="http://www.netbeans.org/ns/projectui-open-files/2">
        <group>
            <file>file:/C:/Users/William/Documents/Diploma%20SEM%204/Object%20Oriented%20Programming/Assignment%20Work/Code/users.txt</file>
            <file>file:/C:/Users/William/Documents/Diploma%20SEM%204/Object%20Oriented%20Programming/Assignment%20Work/Code/src/AssignmentCode/AdminHospital.java</file>
            <file>file:/C:/Users/William/Documents/Diploma%20SEM%204/Object%20Oriented%20Programming/Assignment%20Work/Code/src/AssignmentCode/a_AddSupplier.java</file>
            <file>file:/C:/Users/William/Documents/Diploma%20SEM%204/Object%20Oriented%20Programming/Assignment%20Work/Code/transaction.txt</file>
            <file>file:/C:/Users/William/Documents/Diploma%20SEM%204/Object%20Oriented%20Programming/Assignment%20Work/Code/src/AssignmentCode/a_ModifyHospital.java</file>
            <file>file:/C:/Users/William/Documents/Diploma%20SEM%204/Object%20Oriented%20Programming/Assignment%20Work/Code/src/AssignmentCode/a_AddTransaction.java</file>
            <file>file:/C:/Users/William/Documents/Diploma%20SEM%204/Object%20Oriented%20Programming/Assignment%20Work/Code/src/AssignmentCode/Login.java</file>
            <file>file:/C:/Users/William/Documents/Diploma%20SEM%204/Object%20Oriented%20Programming/Assignment%20Work/Code/src/AssignmentCode/StaffHospital.java</file>
            <file>file:/C:/Users/William/Documents/Diploma%20SEM%204/Object%20Oriented%20Programming/Assignment%20Work/Code/src/AssignmentCode/AdminTransaction.java</file>
            <file>file:/C:/Users/William/Documents/Diploma%20SEM%204/Object%20Oriented%20Programming/Assignment%20Work/Code/src/AssignmentCode/a_AddHospital.java</file>
            <file>file:/C:/Users/William/Documents/Diploma%20SEM%204/Object%20Oriented%20Programming/Assignment%20Work/Code/src/AssignmentCode/AdminHomepage.java</file>
            <file>file:/C:/Users/William/Documents/Diploma%20SEM%204/Object%20Oriented%20Programming/Assignment%20Work/Code/src/AssignmentCode/a_ModifyItem.java</file>
            <file>file:/C:/Users/William/Documents/Diploma%20SEM%204/Object%20Oriented%20Programming/Assignment%20Work/Code/src/AssignmentCode/StaffGUIHomePage.java</file>
            <file>file:/C:/Users/William/Documents/Diploma%20SEM%204/Object%20Oriented%20Programming/Assignment%20Work/Code/src/AssignmentCode/a_AddUser.java</file>
            <file>file:/C:/Users/William/Documents/Diploma%20SEM%204/Object%20Oriented%20Programming/Assignment%20Work/Code/src/AssignmentCode/a_ModifySupplier.java</file>
            <file>file:/C:/Users/William/Documents/Diploma%20SEM%204/Object%20Oriented%20Programming/Assignment%20Work/Code/src/AssignmentCode/AdminPPE.java</file>
            <file>file:/C:/Users/William/Documents/Diploma%20SEM%204/Object%20Oriented%20Programming/Assignment%20Work/Code/src/AssignmentCode/s_AddTransaction.java</file>
            <file>file:/C:/Users/William/Documents/Diploma%20SEM%204/Object%20Oriented%20Programming/Assignment%20Work/Code/src/AssignmentCode/AdminSupplier.java</file>
            <file>file:/C:/Users/William/Documents/Diploma%20SEM%204/Object%20Oriented%20Programming/Assignment%20Work/Code/src/AssignmentCode/StaffSupplier.java</file>
            <file>file:/C:/Users/William/Documents/Diploma%20SEM%204/Object%20Oriented%20Programming/Assignment%20Work/Code/src/AssignmentCode/StaffPPE.java</file>
            <file>file:/C:/Users/William/Documents/Diploma%20SEM%204/Object%20Oriented%20Programming/Assignment%20Work/Code/ppe.txt</file>
            <file>file:/C:/Users/William/Documents/Diploma%20SEM%204/Object%20Oriented%20Programming/Assignment%20Work/Code/suppliers.txt</file>
            <file>file:/C:/Users/William/Documents/Diploma%20SEM%204/Object%20Oriented%20Programming/Assignment%20Work/Code/hospitals.txt</file>
            <file>file:/C:/Users/William/Documents/Diploma%20SEM%204/Object%20Oriented%20Programming/Assignment%20Work/Code/src/AssignmentCode/CreateTextFile.java</file>
            <file>file:/C:/Users/William/Documents/Diploma%20SEM%204/Object%20Oriented%20Programming/Assignment%20Work/Code/src/AssignmentCode/AdminUser.java</file>
            <file>file:/C:/Users/William/Documents/Diploma%20SEM%204/Object%20Oriented%20Programming/Assignment%20Work/Code/src/AssignmentCode/a_ModifyUser.java</file>
            <file>file:/C:/Users/William/Documents/Diploma%20SEM%204/Object%20Oriented%20Programming/Assignment%20Work/Code/src/AssignmentCode/a_AddItem.java</file>
            <file>file:/C:/Users/William/Documents/Diploma%20SEM%204/Object%20Oriented%20Programming/Assignment%20Work/Code/src/AssignmentCode/StaffTransaction.java</file>
        </group>
    </open-files>
</project-private>
